table,module,chemin,acces,nb_references,domaine_module
app_settings,lib/helpContent,lib/helpContent.js,RW,2,transverse
app_settings,lib/helpNarrator,lib/helpNarrator.js,RW,2,transverse
app_settings,lib/mediaLibraryUsage,lib/mediaLibraryUsage.js,R,2,transverse
app_settings,lib/settings,lib/settings.js,R,1,transverse
app_settings,lib/shared/settingsStore,lib/shared/settingsStore.js,RW,2,transverse
app_settings,lib/tourContent,lib/tourContent.js,RW,2,transverse
app_settings,lib/visitMascotBuiltinSeed,lib/visitMascotBuiltinSeed.js,RW,2,terrain
app_settings,lib/visitMascotVisibility,lib/visitMascotVisibility.js,RW,2,terrain
app_settings,scripts/check-gating-policy,scripts/check-gating-policy.js,R,1,script
app_settings,scripts/compact-help-registry,scripts/compact-help-registry.js,RW,2,script
audit_log,lib/accountMerge,lib/accountMerge.js,RW,8,identite
audit_log,lib/auditLog,lib/auditLog.js,W,1,transverse
audit_log,lib/tasks/taskQueries,lib/tasks/taskQueries.js,R,1,taches
audit_log,routes/audit,routes/audit.js,R,1,transverse
audit_log,routes/tasks,routes/tasks.js,R,1,taches
audit_log,scripts/anonymize-local-db,scripts/anonymize-local-db.js,W,1,script
audit_log,scripts/purge-audit-logs,scripts/purge-audit-logs.js,RW,2,script
clades,routes/clades,routes/clades.js,RW,12,biodiversite
context_comment_reactions,lib/accountMerge,lib/accountMerge.js,RW,4,identite
context_comment_reactions,lib/shared/contextCommentsCore,lib/shared/contextCommentsCore.js,RW,4,social
context_comment_reactions,lib/studentDeletion,lib/studentDeletion.js,W,1,identite
context_comment_reports,lib/accountMerge,lib/accountMerge.js,RW,4,identite
context_comment_reports,lib/studentDeletion,lib/studentDeletion.js,W,1,identite
context_comment_reports,routes/context-comments,routes/context-comments.js,RW,2,social
context_comments,lib/accountMerge,lib/accountMerge.js,RW,4,identite
context_comments,lib/notificationEvents,lib/notificationEvents.js,R,1,social
context_comments,lib/placeMessages,lib/placeMessages.js,RW,5,terrain
context_comments,lib/shared/contextCommentsCore,lib/shared/contextCommentsCore.js,RW,8,social
context_comments,lib/studentDeletion,lib/studentDeletion.js,W,1,identite
context_comments,routes/context-comments,routes/context-comments.js,R,2,social
context_comments,scripts/anonymize-local-db,scripts/anonymize-local-db.js,W,1,script
curriculum_notions,lib/curriculumNotions,lib/curriculumNotions.js,R,10,pedagogie
curriculum_notions,routes/curriculum,routes/curriculum.js,R,2,pedagogie
external_group_members,lib/accountMerge,lib/accountMerge.js,RW,4,identite
external_group_members,lib/moodle/apply,lib/moodle/apply.js,W,3,identite
external_group_members,lib/moodle/conflicts,lib/moodle/conflicts.js,W,4,identite
external_group_members,lib/moodle/journal,lib/moodle/journal.js,R,1,identite
external_group_members,lib/moodle/localState,lib/moodle/localState.js,R,1,identite
external_group_members,lib/moodle/syncRun,lib/moodle/syncRun.js,R,1,identite
external_group_members,lib/moodle/undo,lib/moodle/undo.js,W,3,identite
external_groups,lib/moodle/apply,lib/moodle/apply.js,W,5,identite
external_groups,lib/moodle/conflicts,lib/moodle/conflicts.js,RW,3,identite
external_groups,lib/moodle/journal,lib/moodle/journal.js,W,1,identite
external_groups,lib/moodle/localState,lib/moodle/localState.js,R,2,identite
external_groups,lib/moodle/syncRun,lib/moodle/syncRun.js,R,1,identite
external_groups,lib/moodle/teamsMirror,lib/moodle/teamsMirror.js,R,4,identite
external_groups,lib/moodle/undo,lib/moodle/undo.js,RW,6,identite
external_groups,routes/admin/moodle,routes/admin/moodle.js,R,1,identite
external_identities,lib/accountMerge,lib/accountMerge.js,RW,6,identite
external_identities,lib/lti/identity,lib/lti/identity.js,RW,4,identite
external_identities,lib/moodle/apply,lib/moodle/apply.js,W,1,identite
external_identities,lib/moodle/conflicts,lib/moodle/conflicts.js,R,1,identite
external_identities,lib/moodle/localState,lib/moodle/localState.js,R,1,identite
external_identities,lib/moodle/pendingMatches,lib/moodle/pendingMatches.js,R,2,identite
external_identities,lib/moodle/teamsMirror,lib/moodle/teamsMirror.js,R,1,identite
external_identities,lib/moodle/undo,lib/moodle/undo.js,W,1,identite
external_identities,lib/moodle/writers,lib/moodle/writers.js,RW,2,identite
external_identities,scripts/anonymize-local-db,scripts/anonymize-local-db.js,W,1,script
forum_post_reactions,lib/accountMerge,lib/accountMerge.js,RW,4,identite
forum_post_reactions,lib/shared/forumCore,lib/shared/forumCore.js,RW,4,social
forum_post_reactions,lib/studentDeletion,lib/studentDeletion.js,W,1,identite
forum_posts,lib/accountMerge,lib/accountMerge.js,RW,4,identite
forum_posts,lib/notifications,lib/notifications.js,R,1,social
forum_posts,lib/shared/forumCore,lib/shared/forumCore.js,RW,15,social
forum_posts,lib/studentDeletion,lib/studentDeletion.js,W,1,identite
forum_posts,routes/forum,routes/forum.js,R,1,social
forum_posts,scripts/anonymize-local-db,scripts/anonymize-local-db.js,W,1,script
forum_reports,lib/accountMerge,lib/accountMerge.js,RW,4,identite
forum_reports,lib/shared/forumCore,lib/shared/forumCore.js,RW,7,social
forum_reports,lib/studentDeletion,lib/studentDeletion.js,W,1,identite
forum_threads,lib/accountMerge,lib/accountMerge.js,RW,4,identite
forum_threads,lib/notificationEvents,lib/notificationEvents.js,R,1,social
forum_threads,lib/notifications,lib/notifications.js,R,1,social
forum_threads,lib/shared/forumCore,lib/shared/forumCore.js,RW,9,social
forum_threads,lib/studentDeletion,lib/studentDeletion.js,W,1,identite
forum_threads,routes/forum,routes/forum.js,R,5,social
forum_threads,routes/groups,routes/groups.js,W,1,identite
forum_threads,scripts/anonymize-local-db,scripts/anonymize-local-db.js,W,1,script
glossary_category_notions,lib/curriculumNotions,lib/curriculumNotions.js,R,4,pedagogie
glossary_category_notions,routes/curriculum,routes/curriculum.js,W,2,pedagogie
glossary_term_interactions,routes/food-web,routes/food-web.js,R,1,biodiversite
glossary_term_interactions,scripts/audit-pedago-content,scripts/audit-pedago-content.js,R,1,script
glossary_term_interactions,scripts/import-biodiv-pedago,scripts/import-biodiv-pedago.js,RW,2,script
glossary_term_notions,lib/curriculumNotions,lib/curriculumNotions.js,R,3,pedagogie
glossary_term_notions,routes/curriculum,routes/curriculum.js,W,3,pedagogie
glossary_term_relations,routes/glossary,routes/glossary.js,R,2,pedagogie
glossary_term_relations,scripts/import-biodiv-pedago,scripts/import-biodiv-pedago.js,RW,2,script
glossary_term_species,routes/glossary,routes/glossary.js,R,1,pedagogie
glossary_term_species,routes/plants,routes/plants.js,R,1,biodiversite
glossary_term_species,scripts/audit-pedago-content,scripts/audit-pedago-content.js,R,1,script
glossary_term_species,scripts/import-biodiv-pedago,scripts/import-biodiv-pedago.js,RW,2,script
glossary_term_tutorials,lib/tutorialDedup,lib/tutorialDedup.js,W,2,pedagogie
glossary_term_tutorials,routes/glossary,routes/glossary.js,R,1,pedagogie
glossary_term_tutorials,routes/tutorials,routes/tutorials.js,R,1,pedagogie
glossary_term_tutorials,scripts/import-biodiv-pedago,scripts/import-biodiv-pedago.js,RW,2,script
glossary_terms,lib/curriculumNotions,lib/curriculumNotions.js,R,2,pedagogie
glossary_terms,lib/fmQuizCrud,lib/fmQuizCrud.js,R,1,pedagogie
glossary_terms,lib/fmQuizImport,lib/fmQuizImport.js,R,1,pedagogie
glossary_terms,lib/fmUserJournal,lib/fmUserJournal.js,R,5,pedagogie
glossary_terms,routes/curriculum,routes/curriculum.js,R,2,pedagogie
glossary_terms,routes/food-web,routes/food-web.js,R,1,biodiversite
glossary_terms,routes/glossary,routes/glossary.js,R,6,pedagogie
glossary_terms,routes/learning-links,routes/learning-links.js,R,2,pedagogie
glossary_terms,routes/plants,routes/plants.js,R,1,biodiversite
glossary_terms,routes/quiz,routes/quiz.js,R,1,pedagogie
glossary_terms,routes/tutorials,routes/tutorials.js,R,2,pedagogie
glossary_terms,scripts/audit-pedago-content,scripts/audit-pedago-content.js,R,1,script
glossary_terms,scripts/generate-linked-questions,scripts/generate-linked-questions.js,R,2,script
glossary_terms,scripts/import-biodiv-pedago,scripts/import-biodiv-pedago.js,RW,2,script
glossary_terms,scripts/suggest-learning-links,scripts/suggest-learning-links.js,R,1,script
group_members,lib/accountMerge,lib/accountMerge.js,RW,4,identite
group_members,lib/biodivPedagoLevel,lib/biodivPedagoLevel.js,R,1,biodiversite
group_members,lib/effectiveRole,lib/effectiveRole.js,R,2,identite
group_members,lib/groupImport,lib/groupImport.js,W,1,identite
group_members,lib/groupMembers,lib/groupMembers.js,RW,3,identite
group_members,lib/groupScope,lib/groupScope.js,R,2,identite
group_members,lib/legacySchemaCleanup,lib/legacySchemaCleanup.js,W,2,migration-runtime
group_members,lib/moodle/apply,lib/moodle/apply.js,RW,3,identite
group_members,lib/moodle/conflicts,lib/moodle/conflicts.js,W,2,identite
group_members,lib/moodle/localState,lib/moodle/localState.js,R,1,identite
group_members,lib/moodle/syncRun,lib/moodle/syncRun.js,R,1,identite
group_members,lib/moodle/undo,lib/moodle/undo.js,RW,3,identite
group_members,lib/n3beurStudents,lib/n3beurStudents.js,R,1,identite
group_members,lib/rbacUserGroups,lib/rbacUserGroups.js,R,1,identite
group_members,lib/studentProgressionSync,lib/studentProgressionSync.js,R,1,identite
group_members,routes/groups,routes/groups.js,RW,6,identite
group_members,routes/rbac,routes/rbac.js,R,1,identite
group_members,routes/tasks,routes/tasks.js,R,1,taches
group_scopes,lib/groupScope,lib/groupScope.js,R,4,identite
group_scopes,lib/mapAccess,lib/mapAccess.js,R,1,terrain
group_scopes,routes/groups,routes/groups.js,RW,4,identite
groups,lib/accountMerge,lib/accountMerge.js,RW,4,identite
groups,lib/biodivPedagoLevel,lib/biodivPedagoLevel.js,R,2,biodiversite
groups,lib/effectiveRole,lib/effectiveRole.js,R,1,identite
groups,lib/groupImport,lib/groupImport.js,RW,4,identite
groups,lib/groupMembers,lib/groupMembers.js,R,1,identite
groups,lib/groupScope,lib/groupScope.js,R,3,identite
groups,lib/legacySchemaCleanup,lib/legacySchemaCleanup.js,W,2,migration-runtime
groups,lib/locationAudience,lib/locationAudience.js,R,1,terrain
groups,lib/mapAccess,lib/mapAccess.js,R,1,terrain
groups,lib/moodle/apply,lib/moodle/apply.js,RW,4,identite
groups,lib/moodle/conflicts,lib/moodle/conflicts.js,RW,3,identite
groups,lib/moodle/exempt,lib/moodle/exempt.js,RW,3,identite
groups,lib/moodle/localState,lib/moodle/localState.js,R,2,identite
groups,lib/moodle/teamsMirror,lib/moodle/teamsMirror.js,R,1,identite
groups,lib/moodle/undo,lib/moodle/undo.js,W,4,identite
groups,lib/n3beurStudents,lib/n3beurStudents.js,R,1,identite
groups,lib/rbacUserGroups,lib/rbacUserGroups.js,R,1,identite
groups,lib/studentProgressionSync,lib/studentProgressionSync.js,R,1,identite
groups,routes/auth,routes/auth.js,R,1,identite
groups,routes/groups,routes/groups.js,RW,17,identite
groups,routes/rbac,routes/rbac.js,R,1,identite
groups,scripts/anonymize-local-db,scripts/anonymize-local-db.js,W,1,script
id_key_couplets,routes/id-keys,routes/id-keys.js,RW,9,biodiversite
id_key_leads,routes/id-keys,routes/id-keys.js,RW,3,biodiversite
id_keys,lib/accountMerge,lib/accountMerge.js,RW,4,identite
id_keys,routes/id-keys,routes/id-keys.js,RW,12,biodiversite
id_keys,routes/pedago-sessions,routes/pedago-sessions.js,R,1,pedagogie
individual_measurements,lib/accountMerge,lib/accountMerge.js,RW,4,identite
individual_measurements,routes/individuals,routes/individuals.js,RW,5,biodiversite
learning_acknowledgements,lib/accountMerge,lib/accountMerge.js,RW,4,identite
learning_acknowledgements,lib/fmUserJournal,lib/fmUserJournal.js,R,1,pedagogie
learning_acknowledgements,lib/learningGatingProgress,lib/learningGatingProgress.js,R,1,pedagogie
learning_acknowledgements,lib/shared/learningAckCore,lib/shared/learningAckCore.js,RW,2,pedagogie
learning_acknowledgements,routes/glossary,routes/glossary.js,R,1,pedagogie
learning_acknowledgements,routes/learning-gating,routes/learning-gating.js,R,1,pedagogie
location_categories,lib/locationCategories,lib/locationCategories.js,R,4,terrain
location_categories,lib/planContent,lib/planContent.js,R,1,terrain
location_categories,routes/map-categories,routes/map-categories.js,RW,8,terrain
location_categories,routes/visit,routes/visit.js,R,1,terrain
location_categories,scripts/report-marker-density,scripts/report-marker-density.js,R,1,script
location_links,lib/locationLinks,lib/locationLinks.js,RW,4,terrain
location_notes,lib/locationNotes,lib/locationNotes.js,RW,4,terrain
location_notes,scripts/anonymize-local-db,scripts/anonymize-local-db.js,W,1,script
lti_nonces,lib/lti/oidc,lib/lti/oidc.js,W,3,identite
map_markers,lib/entityPhotoRoutes,lib/entityPhotoRoutes.js,R,3,terrain
map_markers,lib/legacySchemaCleanup,lib/legacySchemaCleanup.js,W,2,migration-runtime
map_markers,lib/notificationEvents,lib/notificationEvents.js,R,1,social
map_markers,lib/notifications,lib/notifications.js,R,1,social
map_markers,lib/placeMessages,lib/placeMessages.js,R,2,terrain
map_markers,lib/planContent,lib/planContent.js,R,2,terrain
map_markers,lib/speciesJunction,lib/speciesJunction.js,R,1,biodiversite
map_markers,lib/sqliteGardenSqlExport,lib/sqliteGardenSqlExport.js,RW,8,transverse
map_markers,lib/taskDeadlineReminders,lib/taskDeadlineReminders.js,R,1,taches
map_markers,lib/tasks/taskQueries,lib/tasks/taskQueries.js,R,2,taches
map_markers,lib/visitNotesWrite,lib/visitNotesWrite.js,R,1,terrain
map_markers,routes/context-comments,routes/context-comments.js,R,1,social
map_markers,routes/individuals,routes/individuals.js,R,1,biodiversite
map_markers,routes/map-categories,routes/map-categories.js,R,1,terrain
map_markers,routes/map-routes,routes/map-routes.js,R,3,terrain
map_markers,routes/map,routes/map.js,RW,6,terrain
map_markers,routes/task-projects,routes/task-projects.js,R,2,taches
map_markers,routes/tasks,routes/tasks.js,R,2,taches
map_markers,routes/tutorials,routes/tutorials.js,R,4,pedagogie
map_markers,routes/visit,routes/visit.js,R,1,terrain
map_markers,routes/visit/sync,routes/visit/sync.js,RW,4,terrain
map_markers,scripts/anonymize-local-db,scripts/anonymize-local-db.js,W,1,script
map_markers,scripts/ensure-admin-and-audit-db,scripts/ensure-admin-and-audit-db.js,R,1,script
map_markers,scripts/migrate-sqlite-to-mysql,scripts/migrate-sqlite-to-mysql.js,RW,3,script
map_markers,scripts/report-marker-density,scripts/report-marker-density.js,R,2,script
map_route_steps,lib/planContent,lib/planContent.js,R,1,terrain
map_route_steps,routes/map-routes,routes/map-routes.js,RW,3,terrain
map_route_steps,routes/visit,routes/visit.js,R,1,terrain
map_routes,lib/planContent,lib/planContent.js,R,2,terrain
map_routes,routes/map-routes,routes/map-routes.js,RW,6,terrain
map_routes,routes/pedago-sessions,routes/pedago-sessions.js,R,1,pedagogie
map_routes,routes/visit,routes/visit.js,R,1,terrain
map_species,lib/accountMerge,lib/accountMerge.js,RW,4,identite
map_species,lib/speciesJunction,lib/speciesJunction.js,RW,10,biodiversite
map_species,routes/clades,routes/clades.js,R,1,biodiversite
maps,database,database.js,W,1,migration-runtime
maps,lib/mapQueries,lib/mapQueries.js,R,1,terrain
maps,lib/notificationEvents,lib/notificationEvents.js,R,1,social
maps,lib/planContent,lib/planContent.js,R,2,terrain
maps,lib/settings,lib/settings.js,R,4,transverse
maps,lib/speciesJunction,lib/speciesJunction.js,R,2,biodiversite
maps,lib/surfaceAccess,lib/surfaceAccess.js,R,1,terrain
maps,lib/tasks/taskImport,lib/tasks/taskImport.js,R,1,taches
maps,lib/tasks/taskQueries,lib/tasks/taskQueries.js,R,1,taches
maps,lib/visitMascotDiagnostics,lib/visitMascotDiagnostics.js,R,1,terrain
maps,routes/food-web,routes/food-web.js,R,1,biodiversite
maps,routes/groups,routes/groups.js,R,1,identite
maps,routes/id-keys,routes/id-keys.js,R,2,biodiversite
maps,routes/individuals,routes/individuals.js,R,1,biodiversite
maps,routes/maps,routes/maps.js,R,2,terrain
maps,routes/settings,routes/settings.js,RW,12,transverse
maps,routes/task-projects,routes/task-projects.js,R,3,taches
maps,routes/tasks,routes/tasks.js,R,2,taches
maps,routes/tutorials,routes/tutorials.js,R,1,pedagogie
maps,scripts/gen-zones-lyautey-batiments,scripts/gen-zones-lyautey-batiments.js,W,1,script
maps,scripts/profile-memory-scenarios,scripts/profile-memory-scenarios.js,R,2,script
maps,scripts/report-marker-density,scripts/report-marker-density.js,R,1,script
marker_categories,lib/locationCategories,lib/locationCategories.js,RW,3,terrain
marker_categories,routes/map-categories,routes/map-categories.js,W,1,terrain
marker_categories,routes/map,routes/map.js,R,1,terrain
marker_categories,scripts/report-marker-density,scripts/report-marker-density.js,R,1,script
marker_photos,lib/entityPhotoRoutes,lib/entityPhotoRoutes.js,RW,11,terrain
marker_photos,lib/planContent,lib/planContent.js,R,1,terrain
marker_photos,lib/sqliteGardenSqlExport,lib/sqliteGardenSqlExport.js,W,1,transverse
marker_photos,routes/map,routes/map.js,RW,2,terrain
marker_photos,routes/visit,routes/visit.js,R,1,terrain
marker_species,lib/speciesJunction,lib/speciesJunction.js,RW,4,biodiversite
marker_species,scripts/import-biodiv-pedago,scripts/import-biodiv-pedago.js,RW,2,script
notifications,lib/accountMerge,lib/accountMerge.js,RW,4,identite
notifications,lib/notifications,lib/notifications.js,RW,7,social
observation_logs,lib/accountMerge,lib/accountMerge.js,RW,4,identite
observation_logs,lib/fmUserJournal,lib/fmUserJournal.js,R,1,pedagogie
observation_logs,lib/sqliteGardenSqlExport,lib/sqliteGardenSqlExport.js,W,1,transverse
observation_logs,routes/groups,routes/groups.js,W,1,identite
observation_logs,routes/observations,routes/observations.js,RW,9,biodiversite
observation_logs,scripts/anonymize-local-db,scripts/anonymize-local-db.js,W,1,script
observation_logs,scripts/reconcile-orphan-uploads,scripts/reconcile-orphan-uploads.js,R,1,script
password_reset_tokens,lib/accountMerge,lib/accountMerge.js,RW,2,identite
password_reset_tokens,lib/auth/tokenEpoch,lib/auth/tokenEpoch.js,W,1,identite
password_reset_tokens,lib/passwordReset,lib/passwordReset.js,RW,3,identite
password_reset_tokens,lib/studentDeletion,lib/studentDeletion.js,W,2,identite
password_reset_tokens,routes/rbac,routes/rbac.js,W,1,identite
password_reset_tokens,scripts/anonymize-local-db,scripts/anonymize-local-db.js,W,1,script
pedago_session_runs,lib/accountMerge,lib/accountMerge.js,RW,4,identite
pedago_session_runs,lib/pedagoSessionRuns,lib/pedagoSessionRuns.js,RW,8,pedagogie
pedago_session_runs,lib/rewards,lib/rewards.js,R,1,social
pedago_sessions,lib/accountMerge,lib/accountMerge.js,RW,4,identite
pedago_sessions,routes/pedago-sessions,routes/pedago-sessions.js,RW,7,pedagogie
pedago_sessions,routes/tasks,routes/tasks.js,R,1,taches
permissions,lib/rbac,lib/rbac.js,W,1,identite
permissions,routes/rbac,routes/rbac.js,R,3,identite
plant_name_aliases,lib/speciesJunction,lib/speciesJunction.js,R,1,biodiversite
plant_name_aliases,scripts/import-biodiv-pedago,scripts/import-biodiv-pedago.js,RW,2,script
plants,database,database.js,RW,2,migration-runtime
plants,lib/accountMerge,lib/accountMerge.js,RW,4,identite
plants,lib/fmUserJournal,lib/fmUserJournal.js,R,5,pedagogie
plants,lib/shared/foodWebCore,lib/shared/foodWebCore.js,R,1,biodiversite
plants,lib/speciesJunction,lib/speciesJunction.js,R,8,biodiversite
plants,routes/clades,routes/clades.js,R,3,biodiversite
plants,routes/context-comments,routes/context-comments.js,R,1,social
plants,routes/glossary,routes/glossary.js,R,1,pedagogie
plants,routes/id-keys,routes/id-keys.js,R,2,biodiversite
plants,routes/individuals,routes/individuals.js,R,3,biodiversite
plants,routes/learning-links,routes/learning-links.js,R,2,pedagogie
plants,routes/pedago-sessions,routes/pedago-sessions.js,R,1,pedagogie
plants,routes/plants,routes/plants.js,RW,25,biodiversite
plants,scripts/audit-pedago-content,scripts/audit-pedago-content.js,R,1,script
plants,scripts/backfill-gbif-keys,scripts/backfill-gbif-keys.js,RW,2,script
plants,scripts/consolidate-plants-sources,scripts/consolidate-plants-sources.js,RW,2,script
plants,scripts/generate-linked-questions,scripts/generate-linked-questions.js,R,3,script
plants,scripts/import-plants-enriched,scripts/import-plants-enriched.js,RW,2,script
plants,scripts/migrate-sqlite-to-mysql,scripts/migrate-sqlite-to-mysql.js,RW,3,script
plants,scripts/resolve-plants-photo-direct-links,scripts/resolve-plants-photo-direct-links.js,RW,2,script
plants,scripts/suggest-learning-links,scripts/suggest-learning-links.js,R,1,script
project_markers,lib/sqliteGardenSqlExport,lib/sqliteGardenSqlExport.js,W,1,transverse
project_markers,routes/task-projects,routes/task-projects.js,RW,6,taches
project_tutorials,lib/tutorialDedup,lib/tutorialDedup.js,W,2,pedagogie
project_tutorials,routes/task-projects,routes/task-projects.js,RW,6,taches
project_zones,lib/sqliteGardenSqlExport,lib/sqliteGardenSqlExport.js,W,1,transverse
project_zones,routes/task-projects,routes/task-projects.js,RW,6,taches
quiz_categories,lib/curriculumNotions,lib/curriculumNotions.js,R,1,pedagogie
quiz_categories,lib/fmQuizCrud,lib/fmQuizCrud.js,R,2,pedagogie
quiz_categories,lib/fmQuizImport,lib/fmQuizImport.js,RW,4,pedagogie
quiz_categories,routes/curriculum,routes/curriculum.js,R,2,pedagogie
quiz_categories,routes/quiz,routes/quiz.js,R,3,pedagogie
quiz_categories,scripts/generate-linked-questions,scripts/generate-linked-questions.js,W,1,script
quiz_category_notions,lib/curriculumNotions,lib/curriculumNotions.js,R,4,pedagogie
quiz_category_notions,routes/curriculum,routes/curriculum.js,RW,3,pedagogie
quiz_question_notions,lib/curriculumNotions,lib/curriculumNotions.js,R,3,pedagogie
quiz_question_notions,routes/curriculum,routes/curriculum.js,W,3,pedagogie
quiz_question_species,routes/plants,routes/plants.js,R,1,biodiversite
quiz_question_tutorials,lib/tutorialDedup,lib/tutorialDedup.js,W,2,pedagogie
quiz_question_tutorials,routes/learning-links,routes/learning-links.js,R,1,pedagogie
quiz_question_tutorials,routes/tutorials,routes/tutorials.js,R,1,pedagogie
quiz_questions,lib/curriculumNotions,lib/curriculumNotions.js,R,2,pedagogie
quiz_questions,lib/fmQuizCrud,lib/fmQuizCrud.js,R,2,pedagogie
quiz_questions,lib/fmQuizImport,lib/fmQuizImport.js,RW,3,pedagogie
quiz_questions,lib/learningGatingAcknowledge,lib/learningGatingAcknowledge.js,R,1,pedagogie
quiz_questions,lib/quizQuestionStats,lib/quizQuestionStats.js,R,1,pedagogie
quiz_questions,lib/shared/questionCrudCore,lib/shared/questionCrudCore.js,R,1,pedagogie
quiz_questions,routes/curriculum,routes/curriculum.js,R,1,pedagogie
quiz_questions,routes/glossary,routes/glossary.js,R,1,pedagogie
quiz_questions,routes/learning-links,routes/learning-links.js,R,3,pedagogie
quiz_questions,routes/plants,routes/plants.js,R,1,biodiversite
quiz_questions,routes/quiz,routes/quiz.js,R,9,pedagogie
quiz_questions,routes/tutorials,routes/tutorials.js,R,1,pedagogie
quiz_questions,scripts/audit-pedago-content,scripts/audit-pedago-content.js,R,1,script
quiz_questions,scripts/generate-linked-questions,scripts/generate-linked-questions.js,RW,3,script
quiz_questions,scripts/profile-memory-scenarios,scripts/profile-memory-scenarios.js,R,1,script
quiz_questions,scripts/suggest-learning-links,scripts/suggest-learning-links.js,R,1,script
rbac_seeded_permissions,lib/rbac,lib/rbac.js,RW,2,identite
resource_gating_cooldowns,lib/accountMerge,lib/accountMerge.js,RW,4,identite
resource_gating_cooldowns,lib/learningGatingAdmin,lib/learningGatingAdmin.js,RW,2,pedagogie
resource_gating_cooldowns,lib/learningGatingCooldown,lib/learningGatingCooldown.js,RW,6,pedagogie
resource_gating_cooldowns,lib/learningGatingOrphans,lib/learningGatingOrphans.js,W,1,pedagogie
resource_gating_cooldowns,lib/learningGatingProgress,lib/learningGatingProgress.js,R,1,pedagogie
resource_gating_cooldowns,lib/tutorialDedup,lib/tutorialDedup.js,W,2,pedagogie
resource_gating_cooldowns,scripts/check-gating-policy,scripts/check-gating-policy.js,R,1,script
resource_gating_cooldowns,scripts/purge-audit-logs,scripts/purge-audit-logs.js,RW,2,script
resource_gating_policy,lib/gatingPolicyLoad,lib/gatingPolicyLoad.js,R,2,pedagogie
resource_gating_policy,lib/gatingPolicyRouteHelpers,lib/gatingPolicyRouteHelpers.js,RW,4,pedagogie
resource_gating_policy,lib/learningGatingOrphans,lib/learningGatingOrphans.js,W,1,pedagogie
resource_gating_policy,lib/learningGatingProgress,lib/learningGatingProgress.js,R,2,pedagogie
resource_gating_policy,lib/tutorialDedup,lib/tutorialDedup.js,W,2,pedagogie
resource_gating_policy,routes/learning-links,routes/learning-links.js,R,4,pedagogie
resource_gating_policy,scripts/check-gating-policy,scripts/check-gating-policy.js,R,1,script
resource_question_links,lib/fmQuizCrud,lib/fmQuizCrud.js,W,2,pedagogie
resource_question_links,lib/fmQuizImport,lib/fmQuizImport.js,W,2,pedagogie
resource_question_links,lib/learningGatingAcknowledge,lib/learningGatingAcknowledge.js,R,2,pedagogie
resource_question_links,lib/learningGatingCooldown,lib/learningGatingCooldown.js,R,1,pedagogie
resource_question_links,lib/learningGatingLockMode,lib/learningGatingLockMode.js,R,2,pedagogie
resource_question_links,lib/learningGatingOrphans,lib/learningGatingOrphans.js,W,1,pedagogie
resource_question_links,lib/learningLinksBulk,lib/learningLinksBulk.js,W,4,pedagogie
resource_question_links,lib/quizQuestionStats,lib/quizQuestionStats.js,R,1,pedagogie
resource_question_links,lib/tutorialDedup,lib/tutorialDedup.js,W,2,pedagogie
resource_question_links,routes/glossary,routes/glossary.js,R,1,pedagogie
resource_question_links,routes/learning-links,routes/learning-links.js,RW,13,pedagogie
resource_question_links,routes/quiz,routes/quiz.js,R,1,pedagogie
resource_question_links,scripts/audit-pedago-content,scripts/audit-pedago-content.js,R,3,script
resource_question_links,scripts/generate-linked-questions,scripts/generate-linked-questions.js,RW,3,script
resource_question_links,scripts/suggest-learning-links,scripts/suggest-learning-links.js,RW,2,script
role_permissions,lib/legacySchemaCleanup,lib/legacySchemaCleanup.js,W,2,migration-runtime
role_permissions,lib/notifications,lib/notifications.js,R,1,social
role_permissions,lib/rbac,lib/rbac.js,RW,2,identite
role_permissions,routes/rbac,routes/rbac.js,RW,5,identite
roles,lib/effectiveRole,lib/effectiveRole.js,R,3,identite
roles,lib/groupDefaultRolePolicy,lib/groupDefaultRolePolicy.js,R,2,identite
roles,lib/groupScope,lib/groupScope.js,R,2,identite
roles,lib/learningGatingProgress,lib/learningGatingProgress.js,R,1,pedagogie
roles,lib/lti/identity,lib/lti/identity.js,R,1,identite
roles,lib/moodle/localState,lib/moodle/localState.js,R,1,identite
roles,lib/n3beurStudents,lib/n3beurStudents.js,R,3,identite
roles,lib/rbac,lib/rbac.js,RW,6,identite
roles,lib/rbacRoleAssignment,lib/rbacRoleAssignment.js,R,3,identite
roles,lib/rbacUserGroups,lib/rbacUserGroups.js,R,1,identite
roles,lib/shared/participationGuards,lib/shared/participationGuards.js,R,1,social
roles,lib/staffPlanAccess,lib/staffPlanAccess.js,R,1,terrain
roles,lib/studentProgressionSync,lib/studentProgressionSync.js,R,1,identite
roles,lib/studentTaskEnrollment,lib/studentTaskEnrollment.js,R,1,taches
roles,lib/tasks/taskQueries,lib/tasks/taskQueries.js,R,1,taches
roles,lib/teacherAdminSeed,lib/teacherAdminSeed.js,R,1,migration-runtime
roles,routes/auth,routes/auth.js,R,2,identite
roles,routes/groups,routes/groups.js,R,3,identite
roles,routes/rbac,routes/rbac.js,RW,20,identite
roles,routes/students,routes/students.js,R,5,identite
roles,routes/tasks,routes/tasks.js,R,1,taches
roles,scripts/ensure-admin-and-audit-db,scripts/ensure-admin-and-audit-db.js,R,3,script
roles,scripts/fix-auto-increment,scripts/fix-auto-increment.js,RW,2,script
schema_version,database,database.js,RW,3,migration-runtime
school_calendar_days,lib/schoolCalendar,lib/schoolCalendar.js,R,2,transverse
school_calendar_years,lib/schoolCalendar,lib/schoolCalendar.js,R,1,transverse
security_events,lib/accountMerge,lib/accountMerge.js,RW,8,identite
security_events,lib/auditLog,lib/auditLog.js,W,1,transverse
security_events,lib/securityEventsQuery,lib/securityEventsQuery.js,R,2,transverse
security_events,scripts/anonymize-local-db,scripts/anonymize-local-db.js,W,1,script
security_events,scripts/purge-audit-logs,scripts/purge-audit-logs.js,RW,2,script
species_interactions,lib/shared/foodWebCore,lib/shared/foodWebCore.js,RW,5,biodiversite
species_interactions,routes/food-web,routes/food-web.js,R,1,biodiversite
species_interactions,routes/plants,routes/plants.js,R,2,biodiversite
species_interactions,scripts/audit-pedago-content,scripts/audit-pedago-content.js,R,1,script
species_interactions,scripts/import-biodiv-pedago,scripts/import-biodiv-pedago.js,RW,2,script
sync_actions,lib/accountMerge,lib/accountMerge.js,W,1,identite
sync_actions,lib/moodle/journal,lib/moodle/journal.js,W,1,identite
sync_actions,lib/moodle/undo,lib/moodle/undo.js,RW,2,identite
sync_actions,scripts/anonymize-local-db,scripts/anonymize-local-db.js,W,1,script
sync_conflicts,lib/accountMerge,lib/accountMerge.js,RW,4,identite
sync_conflicts,lib/moodle/apply,lib/moodle/apply.js,RW,2,identite
sync_conflicts,lib/moodle/conflicts,lib/moodle/conflicts.js,RW,2,identite
sync_conflicts,routes/admin/moodle,routes/admin/moodle.js,R,1,identite
sync_pending_matches,lib/moodle/apply,lib/moodle/apply.js,RW,3,identite
sync_pending_matches,lib/moodle/pendingMatches,lib/moodle/pendingMatches.js,RW,5,identite
sync_pending_matches,routes/admin/moodle,routes/admin/moodle.js,R,1,identite
sync_runs,lib/accountMerge,lib/accountMerge.js,RW,7,identite
sync_runs,lib/moodle/journal,lib/moodle/journal.js,W,3,identite
sync_runs,lib/moodle/syncRun,lib/moodle/syncRun.js,RW,8,identite
sync_runs,lib/moodle/undo,lib/moodle/undo.js,RW,4,identite
sync_runs,routes/admin/moodle,routes/admin/moodle.js,R,1,identite
sync_runs,scripts/anonymize-local-db,scripts/anonymize-local-db.js,W,1,script
task_assignments,lib/accountMerge,lib/accountMerge.js,RW,4,identite
task_assignments,lib/notifications,lib/notifications.js,R,1,social
task_assignments,lib/rbac,lib/rbac.js,R,2,identite
task_assignments,lib/studentDeletion,lib/studentDeletion.js,RW,2,identite
task_assignments,lib/studentTaskEnrollment,lib/studentTaskEnrollment.js,R,1,taches
task_assignments,lib/taskDeadlineReminders,lib/taskDeadlineReminders.js,R,1,taches
task_assignments,lib/taskStatusRecalc,lib/taskStatusRecalc.js,R,1,taches
task_assignments,lib/tasks/assignmentSeat,lib/tasks/assignmentSeat.js,RW,2,taches
task_assignments,lib/tasks/taskQueries,lib/tasks/taskQueries.js,R,1,taches
task_assignments,routes/rbac,routes/rbac.js,W,1,identite
task_assignments,routes/stats,routes/stats.js,R,2,transverse
task_assignments,routes/tasks,routes/tasks.js,RW,6,taches
task_assignments,routes/tasks/assignments,routes/tasks/assignments.js,RW,5,taches
task_assignments,scripts/anonymize-local-db,scripts/anonymize-local-db.js,W,1,script
task_assignments,scripts/backfill-users-unification,scripts/backfill-users-unification.js,RW,3,script
task_assignments,scripts/ensure-admin-and-audit-db,scripts/ensure-admin-and-audit-db.js,RW,3,script
task_assignments,scripts/migrate-sqlite-to-mysql,scripts/migrate-sqlite-to-mysql.js,RW,3,script
task_logs,lib/accountMerge,lib/accountMerge.js,RW,4,identite
task_logs,lib/studentDeletion,lib/studentDeletion.js,W,1,identite
task_logs,routes/rbac,routes/rbac.js,W,1,identite
task_logs,routes/tasks,routes/tasks.js,W,1,taches
task_logs,routes/tasks/assignments,routes/tasks/assignments.js,W,3,taches
task_logs,routes/tasks/logs,routes/tasks/logs.js,RW,4,taches
task_logs,scripts/anonymize-local-db,scripts/anonymize-local-db.js,W,1,script
task_logs,scripts/backfill-users-unification,scripts/backfill-users-unification.js,RW,3,script
task_logs,scripts/image-migration-report,scripts/image-migration-report.js,R,1,script
task_logs,scripts/migrate-images-to-disk,scripts/migrate-images-to-disk.js,RW,3,script
task_logs,scripts/migrate-sqlite-to-mysql,scripts/migrate-sqlite-to-mysql.js,RW,4,script
task_logs,scripts/reconcile-orphan-uploads,scripts/reconcile-orphan-uploads.js,R,1,script
task_markers,lib/recurringTasks,lib/recurringTasks.js,RW,3,taches
task_markers,lib/sqliteGardenSqlExport,lib/sqliteGardenSqlExport.js,W,1,transverse
task_markers,lib/tasks/taskQueries,lib/tasks/taskQueries.js,RW,3,taches
task_markers,routes/task-projects,routes/task-projects.js,RW,2,taches
task_markers,routes/tasks,routes/tasks.js,R,3,taches
task_markers,routes/tutorials,routes/tutorials.js,R,1,pedagogie
task_markers,scripts/ensure-admin-and-audit-db,scripts/ensure-admin-and-audit-db.js,R,1,script
task_projects,lib/autoArchive,lib/autoArchive.js,W,1,taches
task_projects,lib/syncTaskProjectCompletion,lib/syncTaskProjectCompletion.js,RW,2,taches
task_projects,lib/tasks/taskImport,lib/tasks/taskImport.js,RW,3,taches
task_projects,lib/tasks/taskQueries,lib/tasks/taskQueries.js,R,1,taches
task_projects,routes/context-comments,routes/context-comments.js,R,1,social
task_projects,routes/groups,routes/groups.js,R,1,identite
task_projects,routes/task-projects,routes/task-projects.js,RW,14,taches
task_projects,routes/tasks,routes/tasks.js,R,2,taches
task_referents,lib/accountMerge,lib/accountMerge.js,RW,4,identite
task_referents,lib/notifications,lib/notifications.js,R,1,social
task_referents,lib/recurringTasks,lib/recurringTasks.js,RW,3,taches
task_referents,lib/tasks/taskQueries,lib/tasks/taskQueries.js,RW,3,taches
task_referents,routes/tasks,routes/tasks.js,R,1,taches
task_species,lib/recurringTasks,lib/recurringTasks.js,RW,3,taches
task_species,lib/speciesJunction,lib/speciesJunction.js,RW,3,biodiversite
task_species,routes/task-projects,routes/task-projects.js,RW,2,taches
task_species,scripts/import-biodiv-pedago,scripts/import-biodiv-pedago.js,RW,2,script
task_tutorials,lib/recurringTasks,lib/recurringTasks.js,RW,3,taches
task_tutorials,lib/taskTutorialPrerequisites,lib/taskTutorialPrerequisites.js,R,1,taches
task_tutorials,lib/tasks/taskQueries,lib/tasks/taskQueries.js,RW,3,taches
task_tutorials,lib/tutorialDedup,lib/tutorialDedup.js,W,2,pedagogie
task_tutorials,routes/task-projects,routes/task-projects.js,RW,2,taches
task_tutorials,routes/tasks,routes/tasks.js,R,1,taches
task_tutorials,routes/tutorials,routes/tutorials.js,R,6,pedagogie
task_zones,database,database.js,W,1,migration-runtime
task_zones,lib/recurringTasks,lib/recurringTasks.js,RW,3,taches
task_zones,lib/sqliteGardenSqlExport,lib/sqliteGardenSqlExport.js,W,1,transverse
task_zones,lib/tasks/taskQueries,lib/tasks/taskQueries.js,RW,3,taches
task_zones,routes/task-projects,routes/task-projects.js,RW,2,taches
task_zones,routes/tasks,routes/tasks.js,R,3,taches
task_zones,routes/tutorials,routes/tutorials.js,R,1,pedagogie
task_zones,scripts/ensure-admin-and-audit-db,scripts/ensure-admin-and-audit-db.js,R,1,script
tasks,database,database.js,RW,2,migration-runtime
tasks,lib/autoArchive,lib/autoArchive.js,W,1,taches
tasks,lib/notificationEvents,lib/notificationEvents.js,R,1,social
tasks,lib/rbac,lib/rbac.js,R,2,identite
tasks,lib/recurringTasks,lib/recurringTasks.js,RW,8,taches
tasks,lib/sqliteGardenSqlExport,lib/sqliteGardenSqlExport.js,W,2,transverse
tasks,lib/studentDeletion,lib/studentDeletion.js,R,2,identite
tasks,lib/studentTaskEnrollment,lib/studentTaskEnrollment.js,R,1,taches
tasks,lib/syncTaskProjectCompletion,lib/syncTaskProjectCompletion.js,R,1,taches
tasks,lib/taskDeadlineReminders,lib/taskDeadlineReminders.js,R,1,taches
tasks,lib/taskStatusRecalc,lib/taskStatusRecalc.js,RW,2,taches
tasks,lib/tasks/assignmentSeat,lib/tasks/assignmentSeat.js,R,1,taches
tasks,lib/tasks/taskImport,lib/tasks/taskImport.js,RW,2,taches
tasks,lib/tasks/taskQueries,lib/tasks/taskQueries.js,RW,2,taches
tasks,routes/context-comments,routes/context-comments.js,R,1,social
tasks,routes/groups,routes/groups.js,W,1,identite
tasks,routes/stats,routes/stats.js,R,2,transverse
tasks,routes/task-projects,routes/task-projects.js,RW,5,taches
tasks,routes/tasks,routes/tasks.js,RW,21,taches
tasks,routes/tasks/assignments,routes/tasks/assignments.js,RW,4,taches
tasks,routes/tasks/logs,routes/tasks/logs.js,R,1,taches
tasks,routes/tasks/media,routes/tasks/media.js,R,1,taches
tasks,routes/tasks/proposals,routes/tasks/proposals.js,W,2,taches
tasks,routes/tutorials,routes/tutorials.js,R,2,pedagogie
tasks,scripts/anonymize-local-db,scripts/anonymize-local-db.js,W,1,script
tasks,scripts/cleanup-dev-data,scripts/cleanup-dev-data.js,RW,3,script
tasks,scripts/ensure-admin-and-audit-db,scripts/ensure-admin-and-audit-db.js,R,3,script
tasks,scripts/migrate-sqlite-to-mysql,scripts/migrate-sqlite-to-mysql.js,RW,3,script
tracked_individuals,routes/individuals,routes/individuals.js,RW,6,biodiversite
tracked_individuals,routes/pedago-sessions,routes/pedago-sessions.js,R,1,pedagogie
tutorial_markers,lib/sqliteGardenSqlExport,lib/sqliteGardenSqlExport.js,W,1,transverse
tutorial_markers,lib/tutorialDedup,lib/tutorialDedup.js,W,2,pedagogie
tutorial_markers,routes/tutorials,routes/tutorials.js,RW,5,pedagogie
tutorial_zones,lib/sqliteGardenSqlExport,lib/sqliteGardenSqlExport.js,W,1,transverse
tutorial_zones,lib/tutorialDedup,lib/tutorialDedup.js,W,2,pedagogie
tutorial_zones,routes/tutorials,routes/tutorials.js,RW,5,pedagogie
tutorials,lib/fmUserJournal,lib/fmUserJournal.js,R,5,pedagogie
tutorials,lib/importTutosFromFilesystem,lib/importTutosFromFilesystem.js,RW,4,pedagogie
tutorials,lib/inlineLegacyTutorialHtml,lib/inlineLegacyTutorialHtml.js,RW,2,pedagogie
tutorials,lib/learningGatingAdmin,lib/learningGatingAdmin.js,R,1,pedagogie
tutorials,lib/mediaLibraryUsage,lib/mediaLibraryUsage.js,R,2,transverse
tutorials,lib/recurringTasks,lib/recurringTasks.js,R,1,taches
tutorials,lib/taskTutorialPrerequisites,lib/taskTutorialPrerequisites.js,R,1,taches
tutorials,lib/tasks/taskQueries,lib/tasks/taskQueries.js,R,1,taches
tutorials,lib/tutorialDedup,lib/tutorialDedup.js,RW,2,pedagogie
tutorials,lib/visitMascotDiagnostics,lib/visitMascotDiagnostics.js,R,1,terrain
tutorials,routes/context-comments,routes/context-comments.js,R,1,social
tutorials,routes/glossary,routes/glossary.js,R,1,pedagogie
tutorials,routes/learning-links,routes/learning-links.js,R,3,pedagogie
tutorials,routes/task-projects,routes/task-projects.js,R,2,taches
tutorials,routes/tasks,routes/tasks.js,R,1,taches
tutorials,routes/tutorials,routes/tutorials.js,RW,23,pedagogie
tutorials,routes/visit,routes/visit.js,R,2,terrain
tutorials,scripts/audit-pedago-content,scripts/audit-pedago-content.js,R,1,script
tutorials,scripts/fix-auto-increment,scripts/fix-auto-increment.js,RW,2,script
tutorials,scripts/profile-memory-scenarios,scripts/profile-memory-scenarios.js,R,1,script
tutorials,scripts/suggest-learning-links,scripts/suggest-learning-links.js,R,1,script
tutorials,server,server.js,R,1,transverse
usage_counters,lib/usage,lib/usage.js,RW,2,transverse
user_activity_events,lib/accountMerge,lib/accountMerge.js,RW,4,identite
user_activity_events,lib/userTracking,lib/userTracking.js,RW,2,identite
user_activity_events,scripts/purge-audit-logs,scripts/purge-audit-logs.js,RW,2,script
user_journal_article_assets,lib/accountMerge,lib/accountMerge.js,RW,4,identite
user_journal_article_assets,lib/fmUserJournal,lib/fmUserJournal.js,RW,4,pedagogie
user_journal_article_assets,routes/user-journal,routes/user-journal.js,RW,6,pedagogie
user_journal_articles,lib/accountMerge,lib/accountMerge.js,RW,4,identite
user_journal_articles,lib/fmUserJournal,lib/fmUserJournal.js,RW,5,pedagogie
user_journal_articles,routes/user-journal,routes/user-journal.js,RW,4,pedagogie
user_journal_articles,scripts/anonymize-local-db,scripts/anonymize-local-db.js,W,1,script
user_journal_imports,lib/accountMerge,lib/accountMerge.js,RW,4,identite
user_journal_imports,lib/fmUserJournal,lib/fmUserJournal.js,RW,3,pedagogie
user_journal_imports,routes/user-journal,routes/user-journal.js,RW,4,pedagogie
user_journal_imports,scripts/anonymize-local-db,scripts/anonymize-local-db.js,W,1,script
user_journal_observation_map,lib/fmUserJournal,lib/fmUserJournal.js,RW,2,pedagogie
user_plant_observation_events,lib/accountMerge,lib/accountMerge.js,RW,4,identite
user_plant_observation_events,lib/fmUserJournal,lib/fmUserJournal.js,R,1,pedagogie
user_plant_observation_events,lib/learningGatingProgress,lib/learningGatingProgress.js,R,1,pedagogie
user_plant_observation_events,routes/learning-gating,routes/learning-gating.js,R,1,pedagogie
user_plant_observation_events,routes/plants,routes/plants.js,RW,7,biodiversite
user_plant_observation_events,routes/stats,routes/stats.js,R,3,transverse
user_product_visits,lib/accountMerge,lib/accountMerge.js,RW,4,identite
user_product_visits,lib/userTracking,lib/userTracking.js,RW,5,identite
user_quiz_attempts,lib/accountMerge,lib/accountMerge.js,RW,4,identite
user_quiz_attempts,lib/learningGatingAcknowledge,lib/learningGatingAcknowledge.js,R,1,pedagogie
user_quiz_attempts,lib/learningGatingProgress,lib/learningGatingProgress.js,R,1,pedagogie
user_quiz_attempts,lib/quizQuestionStats,lib/quizQuestionStats.js,R,1,pedagogie
user_quiz_attempts,routes/quiz,routes/quiz.js,RW,6,pedagogie
user_rewards,lib/accountMerge,lib/accountMerge.js,RW,4,identite
user_rewards,lib/rewards,lib/rewards.js,RW,2,social
user_roles,lib/accountMerge,lib/accountMerge.js,RW,6,identite
user_roles,lib/learningGatingProgress,lib/learningGatingProgress.js,R,1,pedagogie
user_roles,lib/lti/identity,lib/lti/identity.js,R,1,identite
user_roles,lib/n3beurStudents,lib/n3beurStudents.js,R,2,identite
user_roles,lib/notifications,lib/notifications.js,R,1,social
user_roles,lib/rbac,lib/rbac.js,RW,8,identite
user_roles,lib/rbacRoleAssignment,lib/rbacRoleAssignment.js,R,1,identite
user_roles,lib/shared/participationGuards,lib/shared/participationGuards.js,R,1,social
user_roles,lib/studentDeletion,lib/studentDeletion.js,W,1,identite
user_roles,lib/studentProgressionSync,lib/studentProgressionSync.js,R,1,identite
user_roles,lib/studentTaskEnrollment,lib/studentTaskEnrollment.js,R,1,taches
user_roles,lib/tasks/taskQueries,lib/tasks/taskQueries.js,R,1,taches
user_roles,routes/auth,routes/auth.js,R,2,identite
user_roles,routes/groups,routes/groups.js,R,2,identite
user_roles,routes/rbac,routes/rbac.js,R,5,identite
user_roles,routes/students,routes/students.js,R,1,identite
user_roles,routes/tasks,routes/tasks.js,R,1,taches
user_roles,scripts/ensure-admin-and-audit-db,scripts/ensure-admin-and-audit-db.js,R,5,script
user_tutorial_reads,lib/accountMerge,lib/accountMerge.js,RW,4,identite
user_tutorial_reads,lib/fmUserJournal,lib/fmUserJournal.js,R,1,pedagogie
user_tutorial_reads,lib/learningGatingProgress,lib/learningGatingProgress.js,R,1,pedagogie
user_tutorial_reads,lib/taskTutorialPrerequisites,lib/taskTutorialPrerequisites.js,R,1,taches
user_tutorial_reads,lib/tutorialDedup,lib/tutorialDedup.js,W,2,pedagogie
user_tutorial_reads,routes/learning-gating,routes/learning-gating.js,R,1,pedagogie
user_tutorial_reads,routes/stats,routes/stats.js,R,3,transverse
user_tutorial_reads,routes/tutorials,routes/tutorials.js,RW,3,pedagogie
users,lib/accountMerge,lib/accountMerge.js,RW,8,identite
users,lib/adminPresence,lib/adminPresence.js,R,1,transverse
users,lib/auditLog,lib/auditLog.js,R,1,transverse
users,lib/auth/tokenEpoch,lib/auth/tokenEpoch.js,RW,2,identite
users,lib/effectiveRole,lib/effectiveRole.js,RW,5,identite
users,lib/groupMembers,lib/groupMembers.js,R,2,identite
users,lib/groupScope,lib/groupScope.js,R,2,identite
users,lib/identity,lib/identity.js,R,2,identite
users,lib/learningGatingAdmin,lib/learningGatingAdmin.js,R,1,pedagogie
users,lib/learningGatingProgress,lib/learningGatingProgress.js,R,1,pedagogie
users,lib/legacySchemaCleanup,lib/legacySchemaCleanup.js,W,2,migration-runtime
users,lib/lti/identity,lib/lti/identity.js,R,3,identite
users,lib/lti/session,lib/lti/session.js,R,1,identite
users,lib/moodle/apply,lib/moodle/apply.js,RW,6,identite
users,lib/moodle/conflicts,lib/moodle/conflicts.js,R,2,identite
users,lib/moodle/exempt,lib/moodle/exempt.js,RW,3,identite
users,lib/moodle/localState,lib/moodle/localState.js,R,1,identite
users,lib/moodle/pendingMatches,lib/moodle/pendingMatches.js,R,2,identite
users,lib/moodle/undo,lib/moodle/undo.js,RW,6,identite
users,lib/moodle/writers,lib/moodle/writers.js,RW,4,identite
users,lib/n3beurStudents,lib/n3beurStudents.js,R,2,identite
users,lib/notificationEvents,lib/notificationEvents.js,R,1,social
users,lib/notifications,lib/notifications.js,R,2,social
users,lib/pedagoSessionRuns,lib/pedagoSessionRuns.js,R,2,pedagogie
users,lib/profileUpdate,lib/profileUpdate.js,R,2,identite
users,lib/rbac,lib/rbac.js,RW,5,identite
users,lib/rbacRoleAssignment,lib/rbacRoleAssignment.js,R,2,identite
users,lib/realtime,lib/realtime.js,W,1,transverse
users,lib/shared/contextCommentsCore,lib/shared/contextCommentsCore.js,R,1,social
users,lib/shared/forumCore,lib/shared/forumCore.js,R,1,social
users,lib/shared/participationGuards,lib/shared/participationGuards.js,R,1,social
users,lib/staffPlanAccess,lib/staffPlanAccess.js,R,1,terrain
users,lib/studentDeletion,lib/studentDeletion.js,RW,2,identite
users,lib/studentProgressionSync,lib/studentProgressionSync.js,R,2,identite
users,lib/studentTaskEnrollment,lib/studentTaskEnrollment.js,R,1,taches
users,lib/tasks/studentActionContext,lib/tasks/studentActionContext.js,R,1,taches
users,lib/tasks/taskQueries,lib/tasks/taskQueries.js,R,1,taches
users,lib/teacherAdminSeed,lib/teacherAdminSeed.js,RW,4,migration-runtime
users,lib/userTracking,lib/userTracking.js,R,1,identite
users,middleware/requireTeacher,middleware/requireTeacher.js,R,2,identite
users,routes/auth,routes/auth.js,RW,36,identite
users,routes/groups,routes/groups.js,R,4,identite
users,routes/observations,routes/observations.js,R,4,biodiversite
users,routes/quiz,routes/quiz.js,R,1,pedagogie
users,routes/rbac,routes/rbac.js,RW,19,identite
users,routes/stats,routes/stats.js,R,6,transverse
users,routes/students,routes/students.js,RW,15,identite
users,routes/tasks,routes/tasks.js,R,3,taches
users,routes/user-journal,routes/user-journal.js,R,3,pedagogie
users,routes/visit,routes/visit.js,R,2,terrain
users,routes/visit/mascot,routes/visit/mascot.js,RW,2,terrain
users,scripts/anonymize-local-db,scripts/anonymize-local-db.js,W,1,script
users,scripts/backfill-users-unification,scripts/backfill-users-unification.js,RW,10,script
users,scripts/cleanup-dev-data,scripts/cleanup-dev-data.js,R,2,script
users,scripts/ensure-admin-and-audit-db,scripts/ensure-admin-and-audit-db.js,RW,8,script
users,scripts/export-anonymized-dump,scripts/export-anonymized-dump.js,RW,2,script
users,scripts/export-anonymized-fixture,scripts/export-anonymized-fixture.js,R,1,script
users,scripts/migrate-sqlite-to-mysql,scripts/migrate-sqlite-to-mysql.js,W,2,script
users,scripts/profile-memory-scenarios,scripts/profile-memory-scenarios.js,RW,3,script
users,scripts/reconcile-orphan-uploads,scripts/reconcile-orphan-uploads.js,R,1,script
v_food_web,routes/food-web,routes/food-web.js,R,3,biodiversite
v_visit_coverage,(aucun),,,0,
v_zone_inventory,routes/food-web,routes/food-web.js,R,1,biodiversite
visit_markers,lib/legacySchemaCleanup,lib/legacySchemaCleanup.js,W,2,migration-runtime
visit_markers,lib/mediaLibraryUsage,lib/mediaLibraryUsage.js,R,2,transverse
visit_markers,lib/planContent,lib/planContent.js,R,1,terrain
visit_markers,lib/sqliteGardenSqlExport,lib/sqliteGardenSqlExport.js,RW,4,transverse
visit_markers,lib/visitMascotDiagnostics,lib/visitMascotDiagnostics.js,R,1,terrain
visit_markers,lib/visitTargetCleanup,lib/visitTargetCleanup.js,W,1,terrain
visit_markers,routes/map,routes/map.js,RW,4,terrain
visit_markers,routes/visit,routes/visit.js,R,7,terrain
visit_markers,routes/visit/markers,routes/visit/markers.js,RW,5,terrain
visit_markers,routes/visit/media,routes/visit/media.js,R,3,terrain
visit_markers,routes/visit/sync,routes/visit/sync.js,RW,6,terrain
visit_markers,scripts/anonymize-local-db,scripts/anonymize-local-db.js,W,1,script
visit_mascot_pack_deletions,lib/accountMerge,lib/accountMerge.js,RW,4,identite
visit_mascot_pack_deletions,lib/visitMascotBuiltinSeed,lib/visitMascotBuiltinSeed.js,RW,3,terrain
visit_mascot_packs,lib/accountMerge,lib/accountMerge.js,RW,4,identite
visit_mascot_packs,lib/visitMascotBuiltinSeed,lib/visitMascotBuiltinSeed.js,RW,3,terrain
visit_mascot_packs,lib/visitMascotRegistry,lib/visitMascotRegistry.js,R,2,terrain
visit_mascot_packs,lib/visitMascotVisibility,lib/visitMascotVisibility.js,RW,2,terrain
visit_mascot_packs,routes/visit,routes/visit.js,R,1,terrain
visit_mascot_packs,routes/visit/mascot,routes/visit/mascot.js,RW,24,terrain
visit_mascot_packs,scripts/profile-memory-scenarios,scripts/profile-memory-scenarios.js,R,1,script
visit_mascot_sprite_library,lib/accountMerge,lib/accountMerge.js,RW,4,identite
visit_mascot_sprite_library,routes/visit/mascot,routes/visit/mascot.js,RW,11,terrain
visit_media,lib/sqliteGardenSqlExport,lib/sqliteGardenSqlExport.js,W,2,transverse
visit_media,lib/visitTargetCleanup,lib/visitTargetCleanup.js,RW,2,terrain
visit_media,routes/visit,routes/visit.js,R,1,terrain
visit_media,routes/visit/media,routes/visit/media.js,RW,16,terrain
visit_media,routes/visit/sync,routes/visit/sync.js,RW,3,terrain
visit_seen_anonymous,lib/sqliteGardenSqlExport,lib/sqliteGardenSqlExport.js,W,2,transverse
visit_seen_anonymous,lib/visitTargetCleanup,lib/visitTargetCleanup.js,W,1,terrain
visit_seen_anonymous,routes/visit,routes/visit.js,RW,5,terrain
visit_seen_anonymous,routes/visit/sync,routes/visit/sync.js,W,2,terrain
visit_seen_anonymous,scripts/anonymize-local-db,scripts/anonymize-local-db.js,W,1,script
visit_seen_students,lib/accountMerge,lib/accountMerge.js,RW,4,identite
visit_seen_students,lib/sqliteGardenSqlExport,lib/sqliteGardenSqlExport.js,W,2,transverse
visit_seen_students,lib/visitTargetCleanup,lib/visitTargetCleanup.js,W,1,terrain
visit_seen_students,routes/visit,routes/visit.js,RW,4,terrain
visit_seen_students,routes/visit/sync,routes/visit/sync.js,W,2,terrain
visit_tutorials,lib/tutorialDedup,lib/tutorialDedup.js,W,2,pedagogie
visit_tutorials,lib/visitMascotDiagnostics,lib/visitMascotDiagnostics.js,R,1,terrain
visit_tutorials,routes/visit,routes/visit.js,RW,4,terrain
visit_zones,lib/legacySchemaCleanup,lib/legacySchemaCleanup.js,W,2,migration-runtime
visit_zones,lib/mediaLibraryUsage,lib/mediaLibraryUsage.js,R,2,transverse
visit_zones,lib/planContent,lib/planContent.js,R,1,terrain
visit_zones,lib/sqliteGardenSqlExport,lib/sqliteGardenSqlExport.js,RW,4,transverse
visit_zones,lib/visitMascotDiagnostics,lib/visitMascotDiagnostics.js,R,1,terrain
visit_zones,lib/visitTargetCleanup,lib/visitTargetCleanup.js,W,1,terrain
visit_zones,routes/visit,routes/visit.js,R,8,terrain
visit_zones,routes/visit/media,routes/visit/media.js,R,3,terrain
visit_zones,routes/visit/sync,routes/visit/sync.js,RW,6,terrain
visit_zones,routes/visit/zones,routes/visit/zones.js,RW,5,terrain
visit_zones,routes/zones,routes/zones.js,RW,5,terrain
visit_zones,scripts/anonymize-local-db,scripts/anonymize-local-db.js,W,1,script
zone_categories,lib/locationCategories,lib/locationCategories.js,RW,4,terrain
zone_categories,routes/map-categories,routes/map-categories.js,W,1,terrain
zone_categories,routes/visit,routes/visit.js,R,1,terrain
zone_categories,routes/zones,routes/zones.js,R,1,terrain
zone_history,database,database.js,W,4,migration-runtime
zone_history,lib/sqliteGardenSqlExport,lib/sqliteGardenSqlExport.js,W,1,transverse
zone_history,routes/zones,routes/zones.js,RW,6,terrain
zone_history,scripts/migrate-sqlite-to-mysql,scripts/migrate-sqlite-to-mysql.js,RW,3,script
zone_history,scripts/purge-audit-logs,scripts/purge-audit-logs.js,RW,2,script
zone_photos,lib/entityPhotoRoutes,lib/entityPhotoRoutes.js,RW,11,terrain
zone_photos,lib/planContent,lib/planContent.js,R,1,terrain
zone_photos,lib/sqliteGardenSqlExport,lib/sqliteGardenSqlExport.js,W,1,transverse
zone_photos,routes/visit,routes/visit.js,R,1,terrain
zone_photos,routes/zones,routes/zones.js,RW,2,terrain
zone_photos,scripts/image-migration-report,scripts/image-migration-report.js,R,1,script
zone_photos,scripts/migrate-images-to-disk,scripts/migrate-images-to-disk.js,RW,3,script
zone_photos,scripts/migrate-sqlite-to-mysql,scripts/migrate-sqlite-to-mysql.js,RW,4,script
zone_photos,scripts/reconcile-orphan-uploads,scripts/reconcile-orphan-uploads.js,R,1,script
zone_species,lib/speciesJunction,lib/speciesJunction.js,RW,4,biodiversite
zone_species,scripts/import-biodiv-pedago,scripts/import-biodiv-pedago.js,RW,2,script
zones,database,database.js,RW,2,migration-runtime
zones,lib/entityPhotoRoutes,lib/entityPhotoRoutes.js,R,3,terrain
zones,lib/fmUserJournal,lib/fmUserJournal.js,R,2,pedagogie
zones,lib/legacySchemaCleanup,lib/legacySchemaCleanup.js,W,2,migration-runtime
zones,lib/locationCategories,lib/locationCategories.js,W,1,terrain
zones,lib/notificationEvents,lib/notificationEvents.js,R,1,social
zones,lib/notifications,lib/notifications.js,R,1,social
zones,lib/placeMessages,lib/placeMessages.js,R,2,terrain
zones,lib/planContent,lib/planContent.js,R,2,terrain
zones,lib/speciesJunction,lib/speciesJunction.js,R,1,biodiversite
zones,lib/sqliteGardenSqlExport,lib/sqliteGardenSqlExport.js,RW,10,transverse
zones,lib/taskDeadlineReminders,lib/taskDeadlineReminders.js,R,1,taches
zones,lib/tasks/taskQueries,lib/tasks/taskQueries.js,R,2,taches
zones,lib/visitNotesWrite,lib/visitNotesWrite.js,R,1,terrain
zones,routes/context-comments,routes/context-comments.js,R,1,social
zones,routes/food-web,routes/food-web.js,R,1,biodiversite
zones,routes/individuals,routes/individuals.js,R,1,biodiversite
zones,routes/map-categories,routes/map-categories.js,R,1,terrain
zones,routes/map-routes,routes/map-routes.js,R,3,terrain
zones,routes/observations,routes/observations.js,R,3,biodiversite
zones,routes/stats,routes/stats.js,R,1,transverse
zones,routes/task-projects,routes/task-projects.js,R,2,taches
zones,routes/tasks,routes/tasks.js,R,2,taches
zones,routes/tutorials,routes/tutorials.js,R,4,pedagogie
zones,routes/user-journal,routes/user-journal.js,R,3,pedagogie
zones,routes/visit,routes/visit.js,R,1,terrain
zones,routes/visit/sync,routes/visit/sync.js,RW,4,terrain
zones,routes/zones,routes/zones.js,RW,9,terrain
zones,scripts/anonymize-local-db,scripts/anonymize-local-db.js,W,1,script
zones,scripts/ensure-admin-and-audit-db,scripts/ensure-admin-and-audit-db.js,R,1,script
zones,scripts/gen-zones-lyautey-batiments,scripts/gen-zones-lyautey-batiments.js,RW,2,script
zones,scripts/migrate-sqlite-to-mysql,scripts/migrate-sqlite-to-mysql.js,RW,3,script
zones,scripts/report-marker-density,scripts/report-marker-density.js,R,1,script
